{"pb":[{"uniqueId":"d71c4511-d114-462b-a8eb-0c6d6aeeddc9","targetUrl":"https:\/\/rt.applovin.com\/4.0\/pix","backupUrl":"https:\/\/rt.applvn.com\/4.0\/pix","encodingType":"DEFAULT","isEncodingEnabled":true,"gzipBodyEncoding":false,"isAllowedPreInitEvent":true,"attemptNumber":1,"parameters":{"loc_services_enabled":"true","orientation_lock":"portrait","api_level":"34","tv":"false","is_tablet":"false","app_version":"5.0.271.1002592","adns":"3.0","aida":"true","target_sdk":"34","mcc":"510","rid":"932b6a56-8102-40ff-9972-cc6e1645033d","j8":"true","idfv_scope":"1","dx":"1080","ma":"false","applovin_random_token":"5cffd98e-9ff3-42ca-bc52-1a1eaf58134a","tz_offset":"7.0","dy":"2460","app_version_code":"1002592","api_did":"","ia":"1764717205302","model":"TECNO LH7n","idfv":"d9061e7b-588d-1528-799f-24b8ccba7018","gpf":"0","brand":"TECNO","hardware":"mt6789","server_installed_at":"","mpf":"0","mtl":"0","bt_ms":"1764372580616","format":"json","test_ads":"false","brand_name":"TECNO","epv":"2015001","first_install":"true","dnt":"false","revision":"TECNO-LH7n","mute_switch":"0","accept":"custom_size,launch_app,video","volume":"6","country_code":"ID","spo":"false","adnsd":"480","alts_ms":"1764717216535","current_retry_attempt":"4","first_install_v3_ms":"1764717208811","screen_size_in":"6.7743691066442775","vz":"55eaa9cd505220ad","omid_sdk_version":"1.4.1-Applovin","first_install_v2":"true","locale":"in_ID","postback_ts":"1764717226649","platform":"android","sb":"12","network":"wifi","sc":"","mad":"0","installer_name":"com.google.android.packageinstaller","asoac":"0","sim":"false","si":"0","kb":"in_ID","sdk_version":"11.10.2-beta4","dnt_code":"dnt_not_set","event":"landing","xdpi":"396.588","muted":"false","sc3":"","mnc":"01","debug":"false","sc2":"","os":"14","aru":"false","tssf_ms":"23","lpm":"0","loc_auth":"false","compass_random_token":"9d02c8f5-59d0-4e0a-aeda-4923b8054bae","app_name":"Alight Motion","gy":"true","carrier":"INDOSATOOREDOO","pc":"8","tg":"31","event_id":"3f0d8b1d-96fb-4c01-9c37-3cac05f49867","pf":"0","package_name":"com.alightcreative.motion","mediation_provider":"max","msad":"0","ydpi":"396.572","li":"0","ts":"1764717226643"},"httpHeaders":{"AppLovin-Event":"landing","Content-Type":"application\/json; charset=utf-8"},"requestBody":{"applovin_sdk_super_properties":{}}},{"uniqueId":"ef399a10-3581-4480-ba0b-6fc4b0972b00","targetUrl":"https:\/\/rt.applovin.com\/4.0\/pix","backupUrl":"https:\/\/rt.applvn.com\/4.0\/pix","encodingType":"DEFAULT","isEncodingEnabled":true,"gzipBodyEncoding":false,"isAllowedPreInitEvent":false,"attemptNumber":1,"parameters":{"loc_services_enabled":"true","orientation_lock":"portrait","api_level":"34","tv":"false","is_tablet":"false","app_version":"5.0.271.1002592","adns":"3.0","mediation_provider_v2":"max","aida":"true","target_sdk":"34","mcc":"510","rid":"d9ac8338-8659-4c1c-95eb-42b9760ef0d7","j8":"true","idfv_scope":"1","dx":"1080","ma":"false","applovin_random_token":"5cffd98e-9ff3-42ca-bc52-1a1eaf58134a","tz_offset":"7.0","dy":"2460","app_version_code":"1002592","api_did":"","ia":"1764717205302","model":"TECNO LH7n","idfv":"d9061e7b-588d-1528-799f-24b8ccba7018","gpf":"0","brand":"TECNO","hardware":"mt6789","server_installed_at":"","mpf":"0","mtl":"0","bt_ms":"1764372580616","format":"json","test_ads":"false","brand_name":"TECNO","epv":"2015001","first_install":"true","dnt":"false","revision":"TECNO-LH7n","mute_switch":"0","accept":"custom_size,launch_app,video","volume":"6","country_code":"ID","spo":"false","adnsd":"480","alts_ms":"1764717216535","current_retry_attempt":"4","first_install_v3_ms":"1764717208811","screen_size_in":"6.7743691066442775","vz":"55eaa9cd505220ad","omid_sdk_version":"1.4.1-Applovin","first_install_v2":"true","locale":"in_ID","postback_ts":"1764717232723","platform":"android","sb":"12","network":"wifi","sc":"","mad":"0","installer_name":"com.google.android.packageinstaller","asoac":"0","sim":"false","si":"0","kb":"in_ID","sdk_version":"11.10.2-beta4","dnt_code":"dnt_not_set","event":"postinstall","xdpi":"396.588","muted":"false","sc3":"","mnc":"01","debug":"false","sc2":"","os":"14","aru":"false","tssf_ms":"13","lpm":"0","loc_auth":"false","compass_random_token":"9d02c8f5-59d0-4e0a-aeda-4923b8054bae","app_name":"Alight Motion","gy":"true","carrier":"INDOSATOOREDOO","pc":"8","tg":"31","event_id":"bc2cf564-e70a-4ac4-a5d3-56d01bc0f7c7","pf":"0","huc":"false","sub_event":"huc","package_name":"com.alightcreative.motion","mediation_provider":"max","msad":"0","ydpi":"396.572","li":"0","ts":"1764717226645"},"httpHeaders":{"AppLovin-Sub-Event":"huc","AppLovin-Event":"postinstall","Content-Type":"application\/json; charset=utf-8"},"requestBody":{"value":"false","applovin_sdk_super_properties":{}}},{"uniqueId":"bfa0b1c6-eef6-4c46-aa1d-0d9797bd4260","targetUrl":"https:\/\/rt.applovin.com\/4.0\/pix","backupUrl":"https:\/\/rt.applvn.com\/4.0\/pix","encodingType":"DEFAULT","isEncodingEnabled":true,"gzipBodyEncoding":false,"isAllowedPreInitEvent":false,"attemptNumber":1,"parameters":{"loc_services_enabled":"true","orientation_lock":"portrait","api_level":"34","tv":"false","is_tablet":"false","app_version":"5.0.271.1002592","adns":"3.0","mediation_provider_v2":"max","aida":"true","target_sdk":"34","mcc":"510","rid":"ee12c81a-65d6-465c-b9fe-ccaed0dbded3","j8":"true","idfv_scope":"1","dx":"1080","ma":"false","applovin_random_token":"5cffd98e-9ff3-42ca-bc52-1a1eaf58134a","tz_offset":"7.0","dy":"2460","app_version_code":"1002592","api_did":"","ia":"1764717205302","model":"TECNO LH7n","idfv":"d9061e7b-588d-1528-799f-24b8ccba7018","gpf":"0","brand":"TECNO","hardware":"mt6789","server_installed_at":"","mpf":"0","mtl":"0","bt_ms":"1764372580616","format":"json","test_ads":"false","brand_name":"TECNO","epv":"2015001","first_install":"true","dnt":"false","revision":"TECNO-LH7n","mute_switch":"0","accept":"custom_size,launch_app,video","volume":"6","country_code":"ID","spo":"false","adnsd":"480","alts_ms":"1764717216535","current_retry_attempt":"4","first_install_v3_ms":"1764717208811","screen_size_in":"6.7743691066442775","vz":"55eaa9cd505220ad","omid_sdk_version":"1.4.1-Applovin","first_install_v2":"true","locale":"in_ID","postback_ts":"1764717239106","platform":"android","sb":"12","network":"wifi","sc":"","mad":"0","installer_name":"com.google.android.packageinstaller","asoac":"0","sim":"false","si":"0","kb":"in_ID","sdk_version":"11.10.2-beta4","dnt_code":"dnt_not_set","event":"postinstall","xdpi":"396.588","muted":"false","sc3":"","mnc":"01","debug":"false","sc2":"","os":"14","aru":"false","tssf_ms":"12","lpm":"0","loc_auth":"false","compass_random_token":"9d02c8f5-59d0-4e0a-aeda-4923b8054bae","app_name":"Alight Motion","gy":"true","carrier":"INDOSATOOREDOO","pc":"8","tg":"31","event_id":"dcd06ac4-69d5-4a1f-aefa-254bdf56afad","pf":"0","huc":"true","sub_event":"huc","package_name":"com.alightcreative.motion","mediation_provider":"max","msad":"0","ydpi":"396.572","li":"0","ts":"1764717233038"},"httpHeaders":{"AppLovin-Sub-Event":"huc","AppLovin-Event":"postinstall","Content-Type":"application\/json; charset=utf-8"},"requestBody":{"value":"true","applovin_sdk_super_properties":{}}},{"uniqueId":"56d0ca53-5c00-465a-b71a-ab03cfbcce43","targetUrl":"https:\/\/rt.applovin.com\/4.0\/pix","backupUrl":"https:\/\/rt.applvn.com\/4.0\/pix","encodingType":"DEFAULT","isEncodingEnabled":true,"gzipBodyEncoding":false,"isAllowedPreInitEvent":true,"attemptNumber":1,"parameters":{"loc_services_enabled":"true","orientation_lock":"portrait","api_level":"34","tv":"false","is_tablet":"false","app_version":"5.0.271.1002592","adns":"3.0","mediation_provider_v2":"max","aida":"true","target_sdk":"34","mcc":"510","rid":"8747f21d-f51a-406e-a49d-3cb8356a2fc5","j8":"true","idfv_scope":"1","dx":"1080","ma":"false","applovin_random_token":"5cffd98e-9ff3-42ca-bc52-1a1eaf58134a","tz_offset":"7.0","dy":"2460","app_version_code":"1002592","api_did":"","ia":"1764717205302","model":"TECNO LH7n","idfv":"d9061e7b-588d-1528-799f-24b8ccba7018","gpf":"0","brand":"TECNO","hardware":"mt6789","server_installed_at":"","mpf":"0","mtl":"20","bt_ms":"1764372580616","format":"json","test_ads":"false","brand_name":"TECNO","epv":"2015001","first_install":"true","dnt":"false","revision":"TECNO-LH7n","mute_switch":"0","accept":"custom_size,launch_app,video","volume":"6","country_code":"ID","spo":"false","adnsd":"480","alts_ms":"1764717216535","current_retry_attempt":"2","first_install_v3_ms":"1764717208811","screen_size_in":"6.7743691066442775","vz":"55eaa9cd505220ad","omid_sdk_version":"1.4.1-Applovin","first_install_v2":"true","locale":"in_ID","postback_ts":"1764717267262","platform":"android","sb":"12","network":"wifi","sc":"","mad":"0","installer_name":"com.google.android.packageinstaller","asoac":"0","sim":"false","si":"0","kb":"in_ID","sdk_version":"11.10.2-beta4","dnt_code":"dnt_not_set","event":"paused","xdpi":"396.588","muted":"false","sc3":"","mnc":"01","debug":"false","sc2":"","os":"14","aru":"false","tssf_ms":"28168","lpm":"0","loc_auth":"false","compass_random_token":"9d02c8f5-59d0-4e0a-aeda-4923b8054bae","app_name":"Alight Motion","gy":"true","carrier":"INDOSATOOREDOO","pc":"8","tg":"31","event_id":"7033ec2a-fef7-429f-afd8-807f7d38df4a","pf":"0","huc":"true","package_name":"com.alightcreative.motion","mediation_provider":"max","msad":"0","ydpi":"396.572","li":"0","ts":"1764717267254"},"httpHeaders":{"AppLovin-Event":"paused","Content-Type":"application\/json; charset=utf-8"},"requestBody":{"applovin_sdk_super_properties":{}}},{"uniqueId":"dc2d87e5-9a75-4d45-84c8-865386842648","targetUrl":"https:\/\/rt.applovin.com\/4.0\/pix","backupUrl":"https:\/\/rt.applvn.com\/4.0\/pix","encodingType":"DEFAULT","isEncodingEnabled":true,"gzipBodyEncoding":false,"isAllowedPreInitEvent":true,"attemptNumber":1,"parameters":{"loc_services_enabled":"true","orientation_lock":"portrait","api_level":"34","tv":"false","is_tablet":"false","app_version":"5.0.271.1002592","adns":"3.0","mediation_provider_v2":"max","aida":"true","target_sdk":"34","mcc":"510","rid":"c62be558-37d4-48a3-b66f-2eaf23049019","j8":"true","idfv_scope":"1","dx":"1080","ma":"false","applovin_random_token":"5cffd98e-9ff3-42ca-bc52-1a1eaf58134a","tz_offset":"7.0","dy":"2460","app_version_code":"1002592","api_did":"","ia":"1764717205302","model":"TECNO LH7n","idfv":"d9061e7b-588d-1528-799f-24b8ccba7018","gpf":"0","brand":"TECNO","hardware":"mt6789","server_installed_at":"","mpf":"0","mtl":"20","bt_ms":"1764372580616","format":"json","test_ads":"false","brand_name":"TECNO","epv":"2015001","first_install":"true","dnt":"false","revision":"TECNO-LH7n","mute_switch":"0","accept":"custom_size,launch_app,video","volume":"6","country_code":"ID","spo":"false","adnsd":"480","alts_ms":"1764717216535","first_install_v3_ms":"1764717208811","screen_size_in":"6.7743691066442775","vz":"55eaa9cd505220ad","omid_sdk_version":"1.4.1-Applovin","first_install_v2":"true","locale":"in_ID","postback_ts":"1764717287769","platform":"android","sb":"12","network":"wifi","sc":"","mad":"0","installer_name":"com.google.android.packageinstaller","asoac":"0","sim":"false","si":"0","kb":"in_ID","sdk_version":"11.10.2-beta4","dnt_code":"dnt_not_set","event":"resumed","xdpi":"396.588","muted":"false","sc3":"","mnc":"01","debug":"false","sc2":"","os":"14","aru":"false","tssf_ms":"48676","lpm":"0","loc_auth":"false","compass_random_token":"9d02c8f5-59d0-4e0a-aeda-4923b8054bae","app_name":"Alight Motion","gy":"true","carrier":"INDOSATOOREDOO","pc":"8","tg":"31","event_id":"93db32f1-cd2c-461b-badb-0cdae4eb97a6","pf":"0","huc":"true","package_name":"com.alightcreative.motion","mediation_provider":"max","msad":"0","ydpi":"396.572","li":"0","ts":"1764717287763"},"httpHeaders":{"AppLovin-Event":"resumed","Content-Type":"application\/json; charset=utf-8"},"requestBody":{"applovin_sdk_super_properties":{}}}]}