{"configs_key":{"feed_content":"[{\"card_id\":\"\",\"title\":\"Welcome to the Alight Motion Beta Test\",\"subtitle\":\"\",\"date\":0,\"text\":\"Thank you for participating in the Alight Motion public beta test. Alight Motion makes it possible to create animations and motion graphics directly on your smartphone, and also include visual effects and video compositing capabilities.\\n\\nPlease bear in mind that is an early beta, so some features are still incomplete, and it might crash (a lot!)\\n\\nAt the same time, this is an opportunity to get your voice heard: Tell us what features YOU would like to see in the final version. You can reach us by email at support@alightcreative.com, or using the 'SEND FEEDBACK' button below.\\n\\nWatch this space over the coming days for tips and tutorials on how to use Alight Motion.\\n\\nTo get started, tap the + button to create your first project.\\n\\nFrom all of us on the (small) Alight Creative team, thank you for your support!\",\"text_mime\":\"text\/plain\",\"content_uri\":\"assets:beta_anim.xml\",\"content_mime\":\"application\/x.alightmotion+xml\",\"content_width\":16,\"content_height\":9,\"color_bg\":\"#FFFFFFFF\",\"color_text\":\"#FF2C3E50\",\"color_title\":\"#FF2C3E50\",\"color_subtitle\":\"#bf2c3e50\",\"layout\":\"full\",\"cta_buttons\":[{\"label\":\"Send Feedback\",\"color_text\":\"#FF52cc91\",\"action\":\"email\",\"action_url\":\"\",\"action_package\":\"\",\"action_email\":[\"support@alightcreative.com\"],\"action_subject\":\"\"}]}]","feed_notices":"{\"notices\":[{\"icon\":\"youtube\",\"text\":\"Subscribe to our YouTube channel to learn about the variety of cool things you can do with Alight Motion!\",\"day\":2,\"action\":{\"type\":\"youtube\",\"target\":\"FnAfaZx-JO0\",\"id\":\"notice-am-youtube\"}},{\"icon\":\"twitter\",\"action\":{\"type\":\"twitter\",\"target\":\"alightcreative\",\"id\":\"notice-open-twitter-site\"},\"text\":\"Follow us on Twitter to keep up to date on Alight Motion and other projects from the Alight Creative team.\",\"day\":4},{\"icon\":\"instagram\",\"action\":{\"type\":\"twitter\",\"target\":\"alightcreative\",\"id\":\"notice-open-twitter-site\"},\"text\":\"Follow us on Instagram to learn more about Alight Motion and see it in action!\",\"day\":6}]}","iap_default_sku":"","iap_feature_list":"[\"com.alightcreative.effects.clouds2\",\"feature.blending\",\"com.alightcreative.effects.fractalwarp3\",\"com.alightcreative.effects.hueshift\",\"com.alightcreative.effects.lensblur2\",\"com.alightcreative.effects.chromakey\",\"com.alightcreative.effect.glass2\",\"feature.export\",\"com.alightcreative.effects.colortune\",\"com.alightcreative.effects.highlightshadow\",\"com.alightcreative.effects.zoomblur2\",\"com.alightcreative.effects.motionblur\",\"com.alightcreative.effects.noise2\",\"com.alightcreative.effects.textprogress\",\"com.alightcreative.effects.lumakey2\",\"feature.keyframes\",\"com.alightcreative.effects.spinblur2\",\"com.alightcreative.internal.smoothbevel\",\"feature.vectorgraph\"]","iap_popup":"","iap_slide_open":"false"},"fetch_time_key":1764701582457,"abt_experiments_key":[],"personalization_metadata_key":{},"template_version_number_key":15,"rollout_metadata_key":[]}