{"Fid":"dlCkC8BAQRWpEUTA02K7Ec","Status":3,"AuthToken":"eyJhbGciOiJFUzI1NiIsInR5cCI6IkpXVCJ9.eyJhcHBJZCI6IjE6NDE0MzcwMzI4MTI0OmFuZHJvaWQ6ZjEzOTQxMzFjOGI4NGRlMyIsImV4cCI6MTc2NTMwNjM4MiwiZmlkIjoiZGxDa0M4QkFRUldwRVVUQTAySzdFYyIsInByb2plY3ROdW1iZXIiOjQxNDM3MDMyODEyNH0.AB2LPV8wRQIhAJt2E7jD4cHnaodRXoipXrX9_TSXvHJf56HxOy_c4c6HAiA7IP65ioA3VuVxgfqn8AC1hqzz5AecBRP85SIi0S70PA","RefreshToken":"3_AS3qfwKbj8MNbx51wvtc7_1R2amaC1DITnE9polp3G2IYaIO48iPNcN8N2rkfoOCPY6geJu2KKUSEOfi4jOYH5NGCncGoct-zXzreHtU7fr8dqg","TokenCreationEpochInSecs":1764701580,"ExpiresInSecs":604800}