<?xml version='1.0' encoding='utf-8' standalone='yes' ?>
<map>
    <boolean name="measurement_enabled_from_api" value="true" />
    <long name="first_open_time" value="1764717216645" />
    <string name="gmp_app_id">1:414370328124:android:f1394131c8b84de3</string>
    <string name="app_instance_id">8932c333783f4c57438de900acbd491e</string>
    <long name="session_id" value="1764717218" />
    <boolean name="app_backgrounded" value="true" />
    <long name="health_monitor:start" value="1764717218329" />
    <boolean name="use_service" value="true" />
    <string name="non_personalized_ads">false</string>
    <boolean name="deferred_analytics_collection" value="true" />
    <int name="consent_source" value="-20" />
    <string name="consent_settings">G111</string>
    <boolean name="measurement_enabled" value="true" />
    <string name="previous_os_version">14</string>
    <boolean name="has_been_opened" value="true" />
    <boolean name="allow_remote_dynamite" value="true" />
    <long name="last_pause_time" value="1764717303908" />
    <string name="dma_consent_settings">-20:1</string>
    <boolean name="start_new_session" value="false" />
</map>
