<?xml version='1.0' encoding='utf-8' standalone='yes' ?>
<map>
    <string name="com.applovin.sdk.device_test_group">31</string>
    <boolean name="com.applovin.sdk.launched_before" value="true" />
    <string name="com.applovin.sdk.stats">{&quot;ad_session_start&quot;:1764717232720,&quot;med_ad_req&quot;:24,&quot;app_paused_and_resumed&quot;:1}</string>
    <boolean name="com.applovin.sdk.is_pending_unified_flow_generation" value="false" />
    <long name="com.applovin.sdk.install_date" value="1764717205302" />
    <string name="com.applovin.sdk.latest_installed_version">11.10.2-beta4</string>
    <boolean name="com.applovin.sdk.been_in_gdpr_region" value="false" />
</map>
