<?xml version='1.0' encoding='utf-8' standalone='yes' ?>
<map>
    <string name="alightcreative.motion.1w_1w_t1">{&quot;product_id&quot;:&quot;alightcreative.motion.1w_1w_t1&quot;,&quot;name&quot;:&quot;Weekly Subscription&quot;,&quot;title&quot;:&quot;Weekly Subscription (Alight Motion)&quot;,&quot;description&quot;:&quot;&quot;,&quot;base_plans&quot;:[{&quot;product_id&quot;:&quot;alightcreative.motion.1w_1w_t1&quot;,&quot;base_plan_id&quot;:&quot;alightcreative-motion-1w-1w-t1&quot;,&quot;tags&quot;:[],&quot;offer_token&quot;:&quot;AQg20qXGxOhJMCiUYWEZ0nIsRVtgdgcI3M3MFahY7TAN2AssXeT14Q9p87Yz1ENwoL8YGFdt9XAXA4Pp49I1SFfoosYjdkPAYp2ur35duVYI08B71rpB&quot;,&quot;price_amount_micros&quot;:7500000000,&quot;price_currency_code&quot;:&quot;IDR&quot;,&quot;formatted_price&quot;:&quot;Rp 7.500&quot;,&quot;is_auto_renewing&quot;:true,&quot;period&quot;:{&quot;value&quot;:1,&quot;timeUnit&quot;:&quot;week&quot;},&quot;offers&quot;:[{&quot;product_id&quot;:&quot;alightcreative.motion.1w_1w_t1&quot;,&quot;base_plan_id&quot;:&quot;alightcreative-motion-1w-1w-t1&quot;,&quot;offer_id&quot;:&quot;free-trial-1w-1w-t1&quot;,&quot;offer_tags&quot;:[],&quot;offer_token&quot;:&quot;AQg20qUJVa3CJRiM4E1Z1AlGKAKnCRqlxxx5o3RLSUSSfxUMI+Jm0731mmBC9dVW4fZKiTHD+0hhQAZvK3ogE3RluIRkjRIfLq42FjyQXEGozkMYRT5GiLHVjEwEJ4hOl2c4dQnnwzEqqm3G97ljDYb/&quot;,&quot;pricing_phases&quot;:[{&quot;period&quot;:{&quot;value&quot;:1,&quot;timeUnit&quot;:&quot;week&quot;},&quot;formatted_price&quot;:&quot;Tanpa biaya&quot;,&quot;price_amount_micros&quot;:0,&quot;price_currency_code&quot;:&quot;IDR&quot;,&quot;recurrence_mode&quot;:{&quot;type&quot;:&quot;finite_recurring&quot;,&quot;billingCycleCount&quot;:1}},{&quot;period&quot;:{&quot;value&quot;:1,&quot;timeUnit&quot;:&quot;week&quot;},&quot;formatted_price&quot;:&quot;Rp 7.500&quot;,&quot;price_amount_micros&quot;:7500000000,&quot;price_currency_code&quot;:&quot;IDR&quot;,&quot;recurrence_mode&quot;:{&quot;type&quot;:&quot;infinite_recurring&quot;}}]}]}]}</string>
    <string name="alightcreative.motion.1y_t20_1w">{&quot;product_id&quot;:&quot;alightcreative.motion.1y_t20_1w&quot;,&quot;name&quot;:&quot;Yearly Subscription&quot;,&quot;title&quot;:&quot;Yearly Subscription (Alight Motion)&quot;,&quot;description&quot;:&quot;&quot;,&quot;base_plans&quot;:[{&quot;product_id&quot;:&quot;alightcreative.motion.1y_t20_1w&quot;,&quot;base_plan_id&quot;:&quot;alightcreative-motion-1y-t20-1w&quot;,&quot;tags&quot;:[],&quot;offer_token&quot;:&quot;AQg20qVYY1itmowiJOD1p8+EMfAY/990gf2NWK2cFsosFmCRLT6ty3qICc+cjvX3OaV9OJdUDqF5ZEtQonSoWAvWu8RYDMNlV3uzCikVem6Zfxzas1D+XeqgHlmoins=&quot;,&quot;price_amount_micros&quot;:159000000000,&quot;price_currency_code&quot;:&quot;IDR&quot;,&quot;formatted_price&quot;:&quot;Rp 159.000&quot;,&quot;is_auto_renewing&quot;:true,&quot;period&quot;:{&quot;value&quot;:1,&quot;timeUnit&quot;:&quot;year&quot;},&quot;offers&quot;:[{&quot;product_id&quot;:&quot;alightcreative.motion.1y_t20_1w&quot;,&quot;base_plan_id&quot;:&quot;alightcreative-motion-1y-t20-1w&quot;,&quot;offer_id&quot;:&quot;free-trial-1y-t20-1w&quot;,&quot;offer_tags&quot;:[],&quot;offer_token&quot;:&quot;AQg20qV2fRlCSoHqi5Qox3FI15b1SmTha6O/A99aG+qXOhZQTClMJDDHhN3PYO3uKVoYr/wYbppitVRb2ePcyWa/W6BRlYxbikP4zme9L4S+OOcUJ/8J6IZ5ssZ2ny5xXGtd3n8R/+HE7PD6ZpuivCU5b2I0Uv+NEg==&quot;,&quot;pricing_phases&quot;:[{&quot;period&quot;:{&quot;value&quot;:1,&quot;timeUnit&quot;:&quot;week&quot;},&quot;formatted_price&quot;:&quot;Tanpa biaya&quot;,&quot;price_amount_micros&quot;:0,&quot;price_currency_code&quot;:&quot;IDR&quot;,&quot;recurrence_mode&quot;:{&quot;type&quot;:&quot;finite_recurring&quot;,&quot;billingCycleCount&quot;:1}},{&quot;period&quot;:{&quot;value&quot;:1,&quot;timeUnit&quot;:&quot;year&quot;},&quot;formatted_price&quot;:&quot;Rp 159.000&quot;,&quot;price_amount_micros&quot;:159000000000,&quot;price_currency_code&quot;:&quot;IDR&quot;,&quot;recurrence_mode&quot;:{&quot;type&quot;:&quot;infinite_recurring&quot;}}]}]}]}</string>
    <string name="alightcreative.motion.1y_t20">{&quot;product_id&quot;:&quot;alightcreative.motion.1y_t20&quot;,&quot;name&quot;:&quot;Yearly Subscription&quot;,&quot;title&quot;:&quot;Yearly Subscription (Alight Motion)&quot;,&quot;description&quot;:&quot;&quot;,&quot;base_plans&quot;:[{&quot;product_id&quot;:&quot;alightcreative.motion.1y_t20&quot;,&quot;base_plan_id&quot;:&quot;alightcreative-motion-1y-t20&quot;,&quot;tags&quot;:[],&quot;offer_token&quot;:&quot;AQg20qVfyZ4P1IvEW1NlOQHYoP4HAAGxk2U78PqvMPxO+9WnpciPm0C1jIYuZSw8zZcAnAUKBUlQTMLD2N37vIXtloTbqHBI/Z4L46BOWwlB6i+TJ5csqWIPIg==&quot;,&quot;price_amount_micros&quot;:159000000000,&quot;price_currency_code&quot;:&quot;IDR&quot;,&quot;formatted_price&quot;:&quot;Rp 159.000&quot;,&quot;is_auto_renewing&quot;:true,&quot;period&quot;:{&quot;value&quot;:1,&quot;timeUnit&quot;:&quot;year&quot;},&quot;offers&quot;:[]}]}</string>
    <string name="alightcreative.motion.1w_t1">{&quot;product_id&quot;:&quot;alightcreative.motion.1w_t1&quot;,&quot;name&quot;:&quot;Weekly Subscription&quot;,&quot;title&quot;:&quot;Weekly Subscription (Alight Motion)&quot;,&quot;description&quot;:&quot;&quot;,&quot;base_plans&quot;:[{&quot;product_id&quot;:&quot;alightcreative.motion.1w_t1&quot;,&quot;base_plan_id&quot;:&quot;alightcreative-motion-1w-t1&quot;,&quot;tags&quot;:[],&quot;offer_token&quot;:&quot;AQg20qUpJ7oPESiQ2qXLUlacle8KpxY3L+gy8pbRc0OI6HE1uMiGIIovhG6LsHfBbJwKuTRcdd3prBNJkI8sE1++e+cjd37MQvMYMQOpmk0MKBLZCvQL&quot;,&quot;price_amount_micros&quot;:7500000000,&quot;price_currency_code&quot;:&quot;IDR&quot;,&quot;formatted_price&quot;:&quot;Rp 7.500&quot;,&quot;is_auto_renewing&quot;:true,&quot;period&quot;:{&quot;value&quot;:1,&quot;timeUnit&quot;:&quot;week&quot;},&quot;offers&quot;:[]}]}</string>
</map>
