{"Fid":"fBI_O-57RsuNIiP5j9sw9d","Status":3,"AuthToken":"eyJhbGciOiJFUzI1NiIsInR5cCI6IkpXVCJ9.eyJhcHBJZCI6IjE6NDE0MzcwMzI4MTI0OmFuZHJvaWQ6ZjEzOTQxMzFjOGI4NGRlMyIsImV4cCI6MTc2ODQwNDg2NSwiZmlkIjoiZkJJX08tNTdSc3VOSWlQNWo5c3c5ZCIsInByb2plY3ROdW1iZXIiOjQxNDM3MDMyODEyNH0.AB2LPV8wRQIgGn80QKzhaHx-Ng4W8XahH1Xzhx7j0tqkCZE_PbKyudYCIQCy6Fdz5bj8dwCY5IMxWOX-cYntrTiR7eWBe005zMEybQ","RefreshToken":"3_AS3qfwKhUN6wGSjyjLUc635DTBd4hmgcUtaDh_uPWEPulX1_G_hLim8r4VwNPEoZwJvEJadeJlTmjgpOQqZtbLYmS90wvw1HC5VCRmafayJzLe0","TokenCreationEpochInSecs":1767800064,"ExpiresInSecs":604800}