{"Fid":"eRkji6duRpK-_tFWkXB6WR","Status":3,"AuthToken":"eyJhbGciOiJFUzI1NiIsInR5cCI6IkpXVCJ9.eyJhcHBJZCI6IjE6NDE0MzcwMzI4MTI0OmFuZHJvaWQ6ZjEzOTQxMzFjOGI4NGRlMyIsImV4cCI6MTc2ODQwNTgxNSwiZmlkIjoiZVJramk2ZHVScEstX3RGV2tYQjZXUiIsInByb2plY3ROdW1iZXIiOjQxNDM3MDMyODEyNH0.AB2LPV8wRQIhANcp5ynQ8dpWkFtBw3TE4MUvHObxlWQfk92ypwAIXbHvAiBwQDkoSxzYZnG3MasA0dJxkZfYpl6XYrSyV1ncsLHBvw","RefreshToken":"3_AS3qfwIDHZpelPPIzDjq6f-xFVNAINUJTrS2Y4EjKfDgB0qlJcz26gEcft-3HGgi4fqbgacBCmKa9moyCk0SfIEOVXKHoVOVVZf26x9vqVWNqqw","TokenCreationEpochInSecs":1767801015,"ExpiresInSecs":604800}