<?xml version='1.0' encoding='utf-8' standalone='yes' ?>
<map>
    <string name="com.applovin.sdk.last_os_version_user_agent_collected_for">13</string>
    <boolean name="com.applovin.sdk.compliance.is_age_restricted_user" value="false" />
    <string name="com.applovin.sdk.applovin_random_token">27fcb009-275b-46c2-b6ed-c1f73240c5dd</string>
    <string name="com.applovin.sdk.compass_random_token">49f2a5cc-be17-49c1-8f1b-9755d20c596a</string>
    <boolean name="com.applovin.sdk.compliance.has_user_consent" value="true" />
    <string name="com.applovin.sdk.user_agent">Mozilla/5.0 (Linux; Android 13; RMX3501 Build/TP1A.220624.014; wv) AppleWebKit/537.36 (KHTML, like Gecko) Version/4.0 Chrome/142.0.7444.102 Mobile Safari/537.36</string>
</map>
