<?xml version='1.0' encoding='utf-8' standalone='yes' ?>
<map>
    <long name="com.google.firebase.perf.NetworkRequestSamplingRate" value="4586587548195239645" />
    <boolean name="com.google.firebase.perf.ExperimentTTID" value="true" />
    <long name="com.google.firebase.perf.FragmentSamplingRate" value="4591870180066957722" />
    <boolean name="com.google.firebase.perf.SdkEnabled" value="true" />
    <long name="com.google.firebase.perf.TraceSamplingRate" value="4603353844841986817" />
    <string name="com.google.firebase.perf.SdkDisabledVersions"></string>
    <long name="com.google.firebase.perf.SessionSamplingRate" value="4563652266432230696" />
</map>
