<?xml version='1.0' encoding='utf-8' standalone='yes' ?>
<map>
    <long name="fire-count" value="1" />
    <string name="last-used-date">2025-12-02</string>
    <long name="fire-global" value="1764701649050" />
    <set name="fire-cls/18.6.2 fire-sessions/1.2.2 fire-core-ktx/20.4.2 fire-abt/21.1.1 fire-analytics/21.5.1 fire-auth-ktx/22.3.1 fire-core/20.4.2 fire-cls-ndk/18.6.2 fire-app-check-play-integrity/17.1.2 android-installer/com.google.android.packageinstaller device-name/RMX3501T2 fire-gcs/20.3.0 android-platform/ kotlin/1.9.22 device-model/RE549C fire-transport/18.1.8 android-target-sdk/34 fire-fst-ktx/24.10.2 fire-fun-ktx/20.4.0 android-min-sdk/24 device-brand/realme fire-android/33 fire-perf/20.5.2 fire-iid/21.1.0 fire-perf-ktx/20.5.2 fire-installations/17.2.0 fire-auth/22.3.1 fire-stg-ktx/20.3.0 fire-rc/21.6.1 fire-fst/24.10.2 fire-app-check/17.1.2 fire-fn/20.4.0">
        <string>2025-12-02</string>
    </set>
</map>
