<?xml version='1.0' encoding='utf-8' standalone='yes' ?>
<map>
    <string name="com.applovin.sdk.last_os_version_user_agent_collected_for">14</string>
    <boolean name="com.applovin.sdk.compliance.is_age_restricted_user" value="false" />
    <string name="com.applovin.sdk.applovin_random_token">97d7d967-0e15-416e-beda-4f5ec221466d</string>
    <string name="com.applovin.sdk.compass_random_token">b3545655-a8b7-4aed-9fbe-0e35e91926f0</string>
    <boolean name="com.applovin.sdk.compliance.has_user_consent" value="true" />
    <string name="com.applovin.sdk.user_agent">Mozilla/5.0 (Linux; Android 14; TECNO LH7n Build/UP1A.231005.007; wv) AppleWebKit/537.36 (KHTML, like Gecko) Version/4.0 Chrome/143.0.7499.146 Mobile Safari/537.36</string>
</map>
