<?xml version='1.0' encoding='utf-8' standalone='yes' ?>
<map>
    <string name="alightcreative.motion.1w_1w_t1">{&quot;product_id&quot;:&quot;alightcreative.motion.1w_1w_t1&quot;,&quot;name&quot;:&quot;Weekly Subscription&quot;,&quot;title&quot;:&quot;Weekly Subscription (Alight Motion)&quot;,&quot;description&quot;:&quot;&quot;,&quot;base_plans&quot;:[{&quot;product_id&quot;:&quot;alightcreative.motion.1w_1w_t1&quot;,&quot;base_plan_id&quot;:&quot;alightcreative-motion-1w-1w-t1&quot;,&quot;tags&quot;:[],&quot;offer_token&quot;:&quot;ATdH1CP9acqcTNoQ9Bntkc/D6zjhHGIwNCCNFrvcGE+fy5sX+d9m+2LM3kOGnzjqhFwXdGXOwKGj7E19XD0KL4yXszl1MDmbBhiu6RbBWTxufPDCpfxL&quot;,&quot;price_amount_micros&quot;:7500000000,&quot;price_currency_code&quot;:&quot;IDR&quot;,&quot;formatted_price&quot;:&quot;Rp 7.500&quot;,&quot;is_auto_renewing&quot;:true,&quot;period&quot;:{&quot;value&quot;:1,&quot;timeUnit&quot;:&quot;week&quot;},&quot;offers&quot;:[{&quot;product_id&quot;:&quot;alightcreative.motion.1w_1w_t1&quot;,&quot;base_plan_id&quot;:&quot;alightcreative-motion-1w-1w-t1&quot;,&quot;offer_id&quot;:&quot;free-trial-1w-1w-t1&quot;,&quot;offer_tags&quot;:[],&quot;offer_token&quot;:&quot;ATdH1CNs9imHQr7XsMc0Kjz7dr5hIObBgqNt4qaUSRw18Bi0mh1zkr4LZgiCl1ODhpYpdamDvBEJ/xrXdaPRgXI8N9N5SS5jjIaloFVtAuAFbK1MhkxgvwKb0LxY931QhZ7rL5G267nfOV5JG4Eah6u1&quot;,&quot;pricing_phases&quot;:[{&quot;period&quot;:{&quot;value&quot;:1,&quot;timeUnit&quot;:&quot;week&quot;},&quot;formatted_price&quot;:&quot;Tanpa biaya&quot;,&quot;price_amount_micros&quot;:0,&quot;price_currency_code&quot;:&quot;IDR&quot;,&quot;recurrence_mode&quot;:{&quot;type&quot;:&quot;finite_recurring&quot;,&quot;billingCycleCount&quot;:1}},{&quot;period&quot;:{&quot;value&quot;:1,&quot;timeUnit&quot;:&quot;week&quot;},&quot;formatted_price&quot;:&quot;Rp 7.500&quot;,&quot;price_amount_micros&quot;:7500000000,&quot;price_currency_code&quot;:&quot;IDR&quot;,&quot;recurrence_mode&quot;:{&quot;type&quot;:&quot;infinite_recurring&quot;}}]}]}]}</string>
    <string name="alightcreative.motion.1y_t20_1w">{&quot;product_id&quot;:&quot;alightcreative.motion.1y_t20_1w&quot;,&quot;name&quot;:&quot;Yearly Subscription&quot;,&quot;title&quot;:&quot;Yearly Subscription (Alight Motion)&quot;,&quot;description&quot;:&quot;&quot;,&quot;base_plans&quot;:[{&quot;product_id&quot;:&quot;alightcreative.motion.1y_t20_1w&quot;,&quot;base_plan_id&quot;:&quot;alightcreative-motion-1y-t20-1w&quot;,&quot;tags&quot;:[],&quot;offer_token&quot;:&quot;ATdH1CMctMXwZ2u4K2MqKjOrIV5d2YvELyrJKlbA9BNnauOxJ5EaeNTB3eaNUrIJXJtO4jCOH4/ZGJGKuOvryVTwcuOeP6B3k4MW5QbdtYkltgZf20PiCTm6h9033Ek=&quot;,&quot;price_amount_micros&quot;:159000000000,&quot;price_currency_code&quot;:&quot;IDR&quot;,&quot;formatted_price&quot;:&quot;Rp 159.000&quot;,&quot;is_auto_renewing&quot;:true,&quot;period&quot;:{&quot;value&quot;:1,&quot;timeUnit&quot;:&quot;year&quot;},&quot;offers&quot;:[{&quot;product_id&quot;:&quot;alightcreative.motion.1y_t20_1w&quot;,&quot;base_plan_id&quot;:&quot;alightcreative-motion-1y-t20-1w&quot;,&quot;offer_id&quot;:&quot;free-trial-1y-t20-1w&quot;,&quot;offer_tags&quot;:[],&quot;offer_token&quot;:&quot;ATdH1COqJLNWKkBnU9nAloaRdx4jbIOs53bohbc+7R0kmNABJwlxDFmxBHUD2EFYApcpq0f+aLUzAD8I7LegDHZk7yov2FL2FRj7BXfdRzV1wUE4vIsH1I0Qj0Mko3FGqB2HU7kPMqVwQcJ0GgqNaMUebhiqAt7goQ==&quot;,&quot;pricing_phases&quot;:[{&quot;period&quot;:{&quot;value&quot;:1,&quot;timeUnit&quot;:&quot;week&quot;},&quot;formatted_price&quot;:&quot;Tanpa biaya&quot;,&quot;price_amount_micros&quot;:0,&quot;price_currency_code&quot;:&quot;IDR&quot;,&quot;recurrence_mode&quot;:{&quot;type&quot;:&quot;finite_recurring&quot;,&quot;billingCycleCount&quot;:1}},{&quot;period&quot;:{&quot;value&quot;:1,&quot;timeUnit&quot;:&quot;year&quot;},&quot;formatted_price&quot;:&quot;Rp 159.000&quot;,&quot;price_amount_micros&quot;:159000000000,&quot;price_currency_code&quot;:&quot;IDR&quot;,&quot;recurrence_mode&quot;:{&quot;type&quot;:&quot;infinite_recurring&quot;}}]}]}]}</string>
    <string name="alightcreative.motion.1w_t1">{&quot;product_id&quot;:&quot;alightcreative.motion.1w_t1&quot;,&quot;name&quot;:&quot;Weekly Subscription&quot;,&quot;title&quot;:&quot;Weekly Subscription (Alight Motion)&quot;,&quot;description&quot;:&quot;&quot;,&quot;base_plans&quot;:[{&quot;product_id&quot;:&quot;alightcreative.motion.1w_t1&quot;,&quot;base_plan_id&quot;:&quot;alightcreative-motion-1w-t1&quot;,&quot;tags&quot;:[],&quot;offer_token&quot;:&quot;ATdH1COVA5i9OPPC/fJLenjwOrjrYPUse+aDbBJNZL1C7tXRb7flfHlCu3OLDzlGIJLYQhZRnrfsvUc3xgSMugZv4tmC6FQsraKdXQZhUKPUgxDFIEWk&quot;,&quot;price_amount_micros&quot;:7500000000,&quot;price_currency_code&quot;:&quot;IDR&quot;,&quot;formatted_price&quot;:&quot;Rp 7.500&quot;,&quot;is_auto_renewing&quot;:true,&quot;period&quot;:{&quot;value&quot;:1,&quot;timeUnit&quot;:&quot;week&quot;},&quot;offers&quot;:[]}]}</string>
    <string name="alightcreative.motion.1y_t20">{&quot;product_id&quot;:&quot;alightcreative.motion.1y_t20&quot;,&quot;name&quot;:&quot;Yearly Subscription&quot;,&quot;title&quot;:&quot;Yearly Subscription (Alight Motion)&quot;,&quot;description&quot;:&quot;&quot;,&quot;base_plans&quot;:[{&quot;product_id&quot;:&quot;alightcreative.motion.1y_t20&quot;,&quot;base_plan_id&quot;:&quot;alightcreative-motion-1y-t20&quot;,&quot;tags&quot;:[],&quot;offer_token&quot;:&quot;ATdH1CO4tvSOc34ZLffBsufautuy1fQyXUFefkwRAn+9l0G5bQ+nFK3Q/kkcZWkEmYKWorc+5q6qX92Yh2J8Z6KdWIbpvdjCiyg/V5TmJYgIrIK7YbM+ZGsbJg==&quot;,&quot;price_amount_micros&quot;:159000000000,&quot;price_currency_code&quot;:&quot;IDR&quot;,&quot;formatted_price&quot;:&quot;Rp 159.000&quot;,&quot;is_auto_renewing&quot;:true,&quot;period&quot;:{&quot;value&quot;:1,&quot;timeUnit&quot;:&quot;year&quot;},&quot;offers&quot;:[]}]}</string>
</map>
