{"Fid":"d7hcI6VdReiAwzNN9F1bsa","Status":3,"AuthToken":"eyJhbGciOiJFUzI1NiIsInR5cCI6IkpXVCJ9.eyJhcHBJZCI6IjE6NDE0MzcwMzI4MTI0OmFuZHJvaWQ6ZjEzOTQxMzFjOGI4NGRlMyIsImV4cCI6MTc2NTMyMjAxOSwiZmlkIjoiZDdoY0k2VmRSZWlBd3pOTjlGMWJzYSIsInByb2plY3ROdW1iZXIiOjQxNDM3MDMyODEyNH0.AB2LPV8wRQIhAMit4K2o5C9aR9ZVfeh5IMco--dlXn8OeBrNSg9qBCvvAiA-bHipIcSqsrTiGBVGI54uCKEbmaZVr7SoIyrSNRiNnQ","RefreshToken":"3_AS3qfwIychTh7SoeBW5RxWxy7CZrSQq9A3w6RXgbhV--YikjhE2P7CZToATO1bcR2Jlj7rBpk_af2Yu4Fcs692V-10NSahMpNLThr5K1mfQvzbc","TokenCreationEpochInSecs":1764717218,"ExpiresInSecs":604800}