<?xml version='1.0' encoding='utf-8' standalone='yes' ?>
<map>
    <string name="com.alightcreative.motion.62CCDC3AD57EE020.ex">CA0A0436CE9935BAEC851F205AE35BCF99EAB79F</string>
    <int name="com.alightcreative.motion.lastSeenElementCount" value="0" />
    <string name="com.alightcreative.motion.A80A983526B8AC4B.ex">7B07D3108BA376D5754F20673A7150BC63BED0F7</string>
    <long name="com.facebook.appevents.SessionInfo.sessionEndTime" value="1767801073847" />
    <int name="com.alightcreative.motion.maxLayers720" value="4" />
    <set name="com.alightcreative.motion.installedAppVersions">
        <string>5.0.273.1028414</string>
    </set>
    <string name="com.alightcreative.motion.1F3A2E86C9DDD379.ex">26ED8F53EECC269D316D20B7CC9BC0ADBE248E37</string>
    <int name="com.alightcreative.motion.maxRes" value="1440" />
    <long name="com.facebook.appevents.SessionInfo.sessionStartTime" value="1767801014837" />
    <string name="com.alightcreative.motion.vdat">0D57C0790561D9BF11CD36E7CE98ADC734E84D56</string>
    <long name="com.alightcreative.motion.projectPackageFreeUserMaxDownloadSize" value="5242880" />
    <boolean name="com.alightcreative.motion.deviceCapsAvailableInDb" value="true" />
    <string name="com.alightcreative.motion.5C561EB2CFBB4F37.ex">59279F54FF89F8B954AA3D5A1E954F6EBCEDEC73</string>
    <string name="com.alightcreative.motion.deviceID">0a38076c-d937-4873-9b91-912328a8b66b</string>
    <int name="com.alightcreative.motion.appDay" value="1" />
    <int name="com.alightcreative.motion.sessionNumber" value="2" />
    <boolean name="bg_startup_tracing" value="false" />
    <long name="ACBE785F5408AA2B2E9362X" value="1767801014723" />
    <string name="com.alightcreative.motion.41E68EE5CDA4EDBD.ex">C682C84B1E06D99BFC078D184AC7E6184073F6C1</string>
    <string name="com.alightcreative.motion.deviceCapsCheckSource">Database</string>
    <int name="com.alightcreative.motion.maxLayers1080" value="4" />
    <string name="com.alightcreative.motion.58DE6FDBB9B4B360.ex">006BAF66A2C06C62511D004FB932466616CD0CDC</string>
    <int name="com.facebook.appevents.SessionInfo.interruptionCount" value="3" />
    <set name="com.alightcreative.motion.unlockedFeatures" />
    <int name="com.alightcreative.motion.maxLayers1440" value="4" />
    <string name="com.applovin.sdk.impl.isFirstRun">true</string>
    <boolean name="com.alightcreative.motion.agreedPrivacy" value="true" />
    <string name="com.facebook.appevents.SessionInfo.sessionId">e937c978-f71b-4bb9-a48d-029f04a96e1a</string>
    <int name="com.alightcreative.motion.agreedPrivacyPolicyVersion" value="4" />
    <long name="AC119D9A471A325D149E27X" value="1" />
    <long name="com.alightcreative.motion.lastAppExecution" value="1767801014402" />
    <boolean name="com.alightcreative.motion.deviceCapsCheckSuccess" value="true" />
    <boolean name="AC8F23DC8E824B0B124CC1X" value="true" />
    <string name="AC9F7869776331D3D5B662X">hpgp620t2NNb3VPreyLVufPofUG3</string>
    <int name="com.alightcreative.motion.deviceCapsCheckVer" value="4" />
    <int name="com.alightcreative.motion.maxLayers2160" value="-1" />
    <int name="com.alightcreative.motion.lastSeenProjectCount" value="0" />
    <boolean name="com.alightcreative.motion.deviceCapsCheckBypassed" value="false" />
    <string name="com.alightcreative.motion.5154608EFE960AFE.ex">2BE4E171E1CCE69B796BBD252D37D0C2A7ADB6D7</string>
    <long name="AC3C2AAF1AD6687F50E53DX" value="1764507359000" />
    <string name="com.alightcreative.motion.deviceCapsCheckProd">LH7n-GL</string>
    <string name="com.alightcreative.motion.9F0F0B7F5FF8086F.ex">E65E1DF941F184A0B172FFF0903D8419F8BAF0F6</string>
    <int name="com.alightcreative.motion.maxResWithVideo" value="1440" />
    <string name="AC88C296F39D220F16FDBEX">[{&quot;valid&quot;:true,&quot;type&quot;:&quot;Subscription&quot;,&quot;store&quot;:&quot;GooglePlayStore&quot;,&quot;productId&quot;:&quot;alightcreative.motion.1w_1w_t1&quot;,&quot;autoRenewing&quot;:true,&quot;orderNumber&quot;:&quot;GPA.3379-6026-3778-47629&quot;,&quot;period&quot;:{&quot;unit&quot;:&quot;Week&quot;,&quot;count&quot;:1},&quot;expires&quot;:1768214349402,&quot;benefits&quot;:[&quot;RemoveWatermark&quot;,&quot;MemberEffects&quot;,&quot;ProjectPackageSharing&quot;,&quot;FutureMemberFeatures&quot;,&quot;AdvancedEasing&quot;,&quot;CameraObjects&quot;,&quot;LayerParenting&quot;,&quot;CloudStorageLowTier&quot;,&quot;CloudStorageHighTier&quot;,&quot;PremiumFeatures&quot;]},{&quot;valid&quot;:true,&quot;type&quot;:&quot;Subscription&quot;,&quot;store&quot;:&quot;GooglePlayStore&quot;,&quot;productId&quot;:&quot;alightcreative.motion.1w_t2_cloud_1w&quot;,&quot;autoRenewing&quot;:true,&quot;orderNumber&quot;:&quot;GPA.3309-9413-8885-03655&quot;,&quot;period&quot;:{&quot;unit&quot;:&quot;Week&quot;,&quot;count&quot;:1},&quot;expires&quot;:1767887473831,&quot;benefits&quot;:[&quot;RemoveWatermark&quot;,&quot;MemberEffects&quot;,&quot;ProjectPackageSharing&quot;,&quot;FutureMemberFeatures&quot;,&quot;AdvancedEasing&quot;,&quot;CameraObjects&quot;,&quot;LayerParenting&quot;,&quot;CloudStorageLowTier&quot;,&quot;CloudStorageHighTier&quot;,&quot;PremiumFeatures&quot;]}]</string>
    <long name="AC070B928348AEC99E540AX" value="1767801074068" />
    <long name="com.alightcreative.motion.installDateTimestamp" value="1767801014330" />
    <string name="com.alightcreative.motion.vsalt">773799ce-6c87-4585-92a2-709ee329cd09</string>
    <long name="ACB2E2B896989DA703510FX" value="1767801014781" />
    <int name="com.alightcreative.motion.deviceCapsCheckAttempts" value="0" />
</map>
