<?xml version='1.0' encoding='utf-8' standalone='yes' ?>
<map>
    <boolean name="com.applovin.sdk.compliance.is_do_not_sell" value="false" />
    <string name="com.applovin.sdk.applovin_random_token">73856368-536e-4cc3-a5c1-5384b2a35fa4</string>
    <string name="com.applovin.sdk.compass_random_token">fb1d8c0a-f97a-423c-85df-18b32ae472a8</string>
    <string name="com.applovin.sdk.user_agent">Mozilla/5.0 (Linux; Android 14; TECNO LH7n Build/UP1A.231005.007; wv) AppleWebKit/537.36 (KHTML, like Gecko) Version/4.0 Chrome/143.0.7499.146 Mobile Safari/537.36</string>
    <string name="com.applovin.sdk.last_os_version_user_agent_collected_for">14</string>
    <boolean name="com.applovin.sdk.compliance.is_age_restricted_user" value="false" />
    <boolean name="com.applovin.sdk.compliance.has_user_consent" value="true" />
</map>
