<?xml version='1.0' encoding='utf-8' standalone='yes' ?>
<map>
    <long name="DA8C96BF8E1B90F27514E3D3E7741EEEB76C5404" value="-1" />
    <long name="4B5107D10E3F266FEACDA7A716E6C6970BD43D38" value="-1" />
    <long name="71717FB60F25EA214B1229AE68EA8EA514400EEB" value="-1" />
    <long name="2FCFCECDEA2ECC4D0C94528BB983DFE61373E7FA" value="-1" />
    <long name="1E0299023A46A826342BB1011BE9C6E499C507D0" value="-1" />
    <long name="07C1FBE944B02BF474BABB9E5E2CAE6DC7697960" value="-1" />
    <long name="7414A866A78D3DAB56609BF9C38D4D0714340B05" value="-1" />
    <long name="77517EFA9F831DBA0F37948588A7542694FD9DE8" value="-1" />
    <long name="83B17AF8CBF2B5069DE0A5E8B3C3668436D9F8EB" value="-1" />
</map>
