<?xml version='1.0' encoding='utf-8' standalone='yes' ?>
<map>
    <string name="com.alightcreative.motion.deviceCapsCheckSource">Database</string>
    <string name="com.alightcreative.motion.62CCDC3AD57EE020.ex">2188451EF2B86A6B25DAD0E5B15213AD1D41C495</string>
    <int name="com.alightcreative.motion.maxLayers1080" value="4" />
    <string name="com.alightcreative.motion.58DE6FDBB9B4B360.ex">92C2C6CB8D69AE0EF0E5301414F6D78EBB9160D0</string>
    <int name="com.alightcreative.motion.lastSeenElementCount" value="0" />
    <string name="com.alightcreative.motion.A80A983526B8AC4B.ex">9839FAFEFF893BF450ACB943662637ABCDAE8AB8</string>
    <set name="com.alightcreative.motion.unlockedFeatures" />
    <int name="com.alightcreative.motion.maxLayers1440" value="4" />
    <string name="com.applovin.sdk.impl.isFirstRun">true</string>
    <boolean name="com.alightcreative.motion.agreedPrivacy" value="true" />
    <int name="com.alightcreative.motion.agreedPrivacyPolicyVersion" value="4" />
    <long name="AC119D9A471A325D149E27X" value="1" />
    <int name="com.alightcreative.motion.maxLayers720" value="4" />
    <set name="com.alightcreative.motion.installedAppVersions">
        <string>5.0.273.1028414</string>
    </set>
    <string name="com.alightcreative.motion.1F3A2E86C9DDD379.ex">71A907FD2A00010B45F4E7BA81F414129F9E6849</string>
    <long name="com.alightcreative.motion.lastAppExecution" value="1767800064029" />
    <boolean name="com.alightcreative.motion.deviceCapsCheckSuccess" value="true" />
    <int name="com.alightcreative.motion.maxRes" value="1440" />
    <boolean name="AC8F23DC8E824B0B124CC1X" value="true" />
    <string name="AC9F7869776331D3D5B662X">hpgp620t2NNb3VPreyLVufPofUG3</string>
    <int name="com.alightcreative.motion.deviceCapsCheckVer" value="4" />
    <string name="com.alightcreative.motion.vdat">B8E373385A75919395C09F81A31AFE017728F087</string>
    <long name="com.alightcreative.motion.projectPackageFreeUserMaxDownloadSize" value="5242880" />
    <int name="com.alightcreative.motion.maxLayers2160" value="-1" />
    <int name="com.alightcreative.motion.lastSeenProjectCount" value="0" />
    <boolean name="com.alightcreative.motion.deviceCapsAvailableInDb" value="true" />
    <string name="com.alightcreative.motion.5C561EB2CFBB4F37.ex">BCBD41B6A3AA4217091B6A284BD58D0BE46E6CE8</string>
    <boolean name="com.alightcreative.motion.deviceCapsCheckBypassed" value="false" />
    <string name="com.alightcreative.motion.5154608EFE960AFE.ex">1F70B96CF1CB072EA4E664EE931E24A62B20F93A</string>
    <long name="AC3C2AAF1AD6687F50E53DX" value="1764507359000" />
    <string name="com.alightcreative.motion.deviceID">2d46825d-0227-4cdc-9d9e-b151a7787bdc</string>
    <string name="com.alightcreative.motion.deviceCapsCheckProd">LH7n-GL</string>
    <string name="com.alightcreative.motion.9F0F0B7F5FF8086F.ex">E64D20F2680BB51BECE20AFFE89ED432D0FF6045</string>
    <int name="com.alightcreative.motion.appDay" value="1" />
    <int name="com.alightcreative.motion.sessionNumber" value="1" />
    <boolean name="bg_startup_tracing" value="false" />
    <int name="com.alightcreative.motion.maxResWithVideo" value="1440" />
    <string name="AC88C296F39D220F16FDBEX">[{&quot;valid&quot;:true,&quot;type&quot;:&quot;Subscription&quot;,&quot;store&quot;:&quot;GooglePlayStore&quot;,&quot;productId&quot;:&quot;alightcreative.motion.1w_1w_t1&quot;,&quot;autoRenewing&quot;:true,&quot;orderNumber&quot;:&quot;GPA.3379-6026-3778-47629&quot;,&quot;period&quot;:{&quot;unit&quot;:&quot;Week&quot;,&quot;count&quot;:1},&quot;expires&quot;:1768214349402,&quot;benefits&quot;:[&quot;RemoveWatermark&quot;,&quot;MemberEffects&quot;,&quot;ProjectPackageSharing&quot;,&quot;FutureMemberFeatures&quot;,&quot;AdvancedEasing&quot;,&quot;CameraObjects&quot;,&quot;LayerParenting&quot;,&quot;CloudStorageLowTier&quot;,&quot;CloudStorageHighTier&quot;,&quot;PremiumFeatures&quot;]},{&quot;valid&quot;:true,&quot;type&quot;:&quot;Subscription&quot;,&quot;store&quot;:&quot;GooglePlayStore&quot;,&quot;productId&quot;:&quot;alightcreative.motion.1w_t2_cloud_1w&quot;,&quot;autoRenewing&quot;:true,&quot;orderNumber&quot;:&quot;GPA.3309-9413-8885-03655&quot;,&quot;period&quot;:{&quot;unit&quot;:&quot;Week&quot;,&quot;count&quot;:1},&quot;expires&quot;:1767886655062,&quot;benefits&quot;:[&quot;RemoveWatermark&quot;,&quot;MemberEffects&quot;,&quot;ProjectPackageSharing&quot;,&quot;FutureMemberFeatures&quot;,&quot;AdvancedEasing&quot;,&quot;CameraObjects&quot;,&quot;LayerParenting&quot;,&quot;CloudStorageLowTier&quot;,&quot;CloudStorageHighTier&quot;,&quot;PremiumFeatures&quot;]}]</string>
    <long name="AC070B928348AEC99E540AX" value="1767800255464" />
    <long name="com.alightcreative.motion.installDateTimestamp" value="1767800063937" />
    <long name="ACBE785F5408AA2B2E9362X" value="1767800064330" />
    <string name="com.alightcreative.motion.41E68EE5CDA4EDBD.ex">F80B74CC8A8BD416185819036A49FA99671C998E</string>
    <string name="com.alightcreative.motion.vsalt">3951315c-a078-40be-9c9f-7dbbb31dcc78</string>
    <long name="ACB2E2B896989DA703510FX" value="1767800064417" />
    <int name="com.alightcreative.motion.deviceCapsCheckAttempts" value="0" />
</map>
