<?xml version='1.0' encoding='utf-8' standalone='yes' ?>
<map>
    <boolean name="com.applovin.sdk.VAtQ.ah_cdde" value="true" />
    <string name="com.applovin.sdk.VAtQ.mra_af">INTER,REWARDED,REWARDED_INTER,BANNER,LEADER,MREC</string>
    <boolean name="com.applovin.sdk.VAtQ.ree" value="true" />
    <boolean name="com.applovin.sdk.VAtQ.is_track_ad_info" value="false" />
    <long name="com.applovin.sdk.VAtQ.max_signal_provider_latency_ms" value="20000" />
    <int name="com.applovin.sdk.VAtQ.close_button_size_video" value="27" />
    <int name="com.applovin.sdk.VAtQ.lmfd" value="2" />
    <long name="com.applovin.sdk.VAtQ.fullscreen_display_delay_ms" value="0" />
    <boolean name="com.applovin.sdk.VAtQ.fullscreen_ads_block_publisher_load_if_another_showing" value="true" />
    <boolean name="com.applovin.sdk.VAtQ.retry_on_all_errors" value="true" />
    <boolean name="com.applovin.sdk.VAtQ.clear_network_response_codes_on_request" value="true" />
    <boolean name="com.applovin.sdk.VAtQ.creative_debugger_enabled" value="true" />
    <boolean name="com.applovin.sdk.VAtQ.stcpc" value="true" />
    <long name="com.applovin.sdk.VAtQ.fetch_next_ad_timeout_ms" value="30000" />
    <long name="com.applovin.sdk.VAtQ.cache_file_ttl_seconds" value="259200" />
    <string name="com.applovin.sdk.VAtQ.country_code">ID</string>
    <int name="com.applovin.sdk.VAtQ.cache_max_size_mb" value="-1" />
    <boolean name="com.applovin.sdk.VAtQ.adr" value="true" />
    <boolean name="com.applovin.sdk.VAtQ.cache_cleanup_enabled" value="true" />
    <string name="com.applovin.sdk.VAtQ.pbataipaf"></string>
    <int name="com.applovin.sdk.VAtQ.network_thread_count" value="2" />
    <int name="com.applovin.sdk.VAtQ.close_button_touch_area" value="0" />
    <int name="com.applovin.sdk.VAtQ.aei" value="46" />
    <int name="com.applovin.sdk.VAtQ.stps" value="2" />
    <int name="com.applovin.sdk.VAtQ.ttc_edge_buffer_dp" value="10" />
    <int name="com.applovin.sdk.VAtQ.ttc_acrsv2a" value="1" />
    <boolean name="com.applovin.sdk.VAtQ.allow_pause_auto_refresh_immediately" value="false" />
    <boolean name="com.applovin.sdk.VAtQ.mute_videos" value="false" />
    <long name="com.applovin.sdk.VAtQ.ad_view_refresh_precache_request_viewability_undesired_flags" value="406" />
    <long name="com.applovin.sdk.VAtQ.device_timestamp_ms" value="1767800083296" />
    <boolean name="com.applovin.sdk.VAtQ.hgn" value="true" />
    <boolean name="com.applovin.sdk.VAtQ.sutwfat" value="true" />
    <long name="com.applovin.sdk.VAtQ.server_timestamp_ms" value="1767800082874" />
    <boolean name="com.applovin.sdk.VAtQ.collect_device_movement" value="true" />
    <string name="com.applovin.sdk.VAtQ.mediation_backup_endpoint">https://ms4.applvn.com/</string>
    <boolean name="com.applovin.sdk.VAtQ.refresh_ad_view_timer_responds_to_background" value="true" />
    <long name="com.applovin.sdk.VAtQ.session_tracking_paused_cooldown_minutes" value="0" />
    <boolean name="com.applovin.sdk.VAtQ.cnr" value="true" />
    <boolean name="com.applovin.sdk.VAtQ.bvde" value="false" />
    <boolean name="com.applovin.sdk.VAtQ.qq" value="true" />
    <boolean name="com.applovin.sdk.VAtQ.cvs" value="true" />
    <long name="com.applovin.sdk.VAtQ.ad_refresh_ms" value="30000" />
    <long name="com.applovin.sdk.VAtQ.fullscreen_ad_displayed_timeout_ms" value="-1" />
    <int name="com.applovin.sdk.VAtQ.reet_msma" value="1" />
    <boolean name="com.applovin.sdk.VAtQ.daostr" value="true" />
    <int name="com.applovin.sdk.VAtQ.mra" value="5" />
    <boolean name="com.applovin.sdk.VAtQ.uppmv2" value="true" />
    <boolean name="com.applovin.sdk.VAtQ.cclia" value="false" />
    <boolean name="com.applovin.sdk.VAtQ.mute_with_user_settings" value="true" />
    <boolean name="com.applovin.sdk.VAtQ.cfs" value="true" />
    <boolean name="com.applovin.sdk.VAtQ.crat" value="true" />
    <boolean name="com.applovin.sdk.VAtQ.collect_device_angle" value="true" />
    <boolean name="com.applovin.sdk.VAtQ.ah_crut" value="true" />
    <boolean name="com.applovin.sdk.VAtQ.fetch_mediated_ad_gzip" value="true" />
    <string name="com.applovin.sdk.VAtQ.device_id">10badd1d412159030d</string>
    <boolean name="com.applovin.sdk.VAtQ.daoar" value="true" />
    <boolean name="com.applovin.sdk.VAtQ.lhs_skip_button" value="true" />
    <boolean name="com.applovin.sdk.VAtQ.session_tracking_cooldown_on_event_fire" value="true" />
    <boolean name="com.applovin.sdk.VAtQ.anr_detection_enabled" value="true" />
    <boolean name="com.applovin.sdk.VAtQ.dwvvb" value="true" />
    <string name="com.applovin.sdk.VAtQ.mediation_endpoint">https://ms4.applovin.com/</string>
    <boolean name="com.applovin.sdk.VAtQ.mute_controls_enabled" value="false" />
    <boolean name="com.applovin.sdk.VAtQ.fppopq" value="true" />
    <boolean name="com.applovin.sdk.VAtQ.qq1" value="true" />
    <boolean name="com.applovin.sdk.VAtQ.qq3" value="true" />
    <boolean name="com.applovin.sdk.VAtQ.qq2" value="true" />
    <string name="com.applovin.sdk.VAtQ.server_installed_at">1767800070614</string>
    <long name="com.applovin.sdk.VAtQ.publisher_id" value="493041" />
    <boolean name="com.applovin.sdk.VAtQ.is_verbose_logging" value="false" />
    <string name="com.applovin.sdk.VAtQ.resource_cache_prefix">https://vid.applovin.com/,https://stage-vid.applovin.com/,https://pdn.applovin.com/,https://stage-pdn.applovin.com/,https://img.applovin.com/,https://stage-img.applovin.com/,https://d.applovin.com/,https://assets.applovin.com/,https://stage-assets.applovin.com/,https://cdnjs.cloudflare.com/,http://vid.applovin.com/,http://stage-vid.applovin.com/,http://pdn.applovin.com/,http://stage-pdn.applovin.com/,http://img.applovin.com/,http://stage-img.applovin.com/,http://d.applovin.com/,http://assets.applovin.com/,http://stage-assets.applovin.com/,http://cdnjs.cloudflare.com/,http://u.appl.vn/,https://u.appl.vn/,https://res.applovin.com/,https://res1.applovin.com/,https://res2.applovin.com/,https://res3.applovin.com/,http://res.applovin.com/,http://res1.applovin.com/,http://res2.applovin.com/,http://res3.applovin.com/</string>
    <boolean name="com.applovin.sdk.VAtQ.cf" value="true" />
    <boolean name="com.applovin.sdk.VAtQ.ccrc" value="false" />
    <boolean name="com.applovin.sdk.VAtQ.unltrwb" value="true" />
    <boolean name="com.applovin.sdk.VAtQ.faer" value="false" />
    <string name="com.applovin.sdk.VAtQ.sc">JorNjBwWvtSMHFTMDhVIFpbkyZHzZgA%3D</string>
    <int name="com.applovin.sdk.VAtQ.tmtp" value="1" />
    <boolean name="com.applovin.sdk.VAtQ.ah_cvc" value="true" />
    <string name="com.applovin.sdk.VAtQ.ad_load_failure_refresh_ignore_error_codes"></string>
    <boolean name="com.applovin.sdk.VAtQ.avrsponse" value="true" />
    <boolean name="com.applovin.sdk.VAtQ.falawpr" value="false" />
    <boolean name="com.applovin.sdk.VAtQ.uwtm" value="true" />
    <boolean name="com.applovin.sdk.VAtQ.user_agent_collection_enabled" value="true" />
    <boolean name="com.applovin.sdk.VAtQ.cmi" value="true" />
    <boolean name="com.applovin.sdk.VAtQ.force_ssl" value="true" />
    <string name="com.applovin.sdk.VAtQ.adserver_endpoint">https://a4.applovin.com/</string>
    <boolean name="com.applovin.sdk.VAtQ.submit_network_response_codes" value="true" />
    <boolean name="com.applovin.sdk.VAtQ.refresh_ad_view_timer_responds_to_store_kit" value="true" />
    <boolean name="com.applovin.sdk.VAtQ.track_network_response_codes" value="true" />
    <int name="com.applovin.sdk.VAtQ.max_postback_attempts" value="3" />
    <boolean name="com.applovin.sdk.VAtQ.submit_ad_stats_enabled" value="true" />
    <boolean name="com.applovin.sdk.VAtQ.max_postback_gzip" value="true" />
    <boolean name="com.applovin.sdk.VAtQ.caf" value="true" />
    <boolean name="com.applovin.sdk.VAtQ.init_adapter_for_sc" value="true" />
    <int name="com.applovin.sdk.VAtQ.fetch_ad_retry_count_v1" value="1" />
    <string name="com.applovin.sdk.VAtQ.afi"></string>
    <long name="com.applovin.sdk.VAtQ.bwt_ms" value="30000" />
    <long name="com.applovin.sdk.VAtQ.viewability_adview_imp_delay_ms" value="0" />
    <boolean name="com.applovin.sdk.VAtQ.ssfwif" value="true" />
    <string name="com.applovin.sdk.VAtQ.sc3">1767800081073:6tofETM-RmVP9T3RZaNljkxjVV9K6NFhn3XFAXphBvk*</string>
    <string name="com.applovin.sdk.VAtQ.sc2">GwB2AFQCAA==</string>
    <string name="com.applovin.sdk.VAtQ.saf">INTER,REWARDED</string>
    <boolean name="com.applovin.sdk.VAtQ.sai" value="false" />
    <int name="com.applovin.sdk.VAtQ.fetch_basic_settings_delay_ms" value="1500" />
    <boolean name="com.applovin.sdk.VAtQ.spbcioa" value="true" />
    <boolean name="com.applovin.sdk.VAtQ.init_adapter_for_al" value="true" />
    <string name="com.applovin.sdk.VAtQ.config_consent_dialog_state">does_not_apply</string>
    <long name="com.applovin.sdk.VAtQ.twt_ms" value="30000" />
    <string name="com.applovin.sdk.VAtQ.device_token">MaznYs97JTiqaqEwnZGZ5qekp_CkO-pwrCDv2lSgOMeOUjWQi-7yejW1I9sqqd-ovYXhuOopWVxaDH2qlfgqliSK-Ygcd1OQ015V35VLxyDlGxwggImqXA3x3xxjA7aR0TAOqyKigGOPuugtfyZzJc_5eY8ucx2c4PZqpj9LXdI=</string>
    <long name="com.applovin.sdk.VAtQ.anr_debug_thread_refresh_time_ms" value="-1" />
    <long name="com.applovin.sdk.VAtQ.session_tracking_resumed_cooldown_minutes" value="0" />
    <boolean name="com.applovin.sdk.VAtQ.btee" value="true" />
    <boolean name="com.applovin.sdk.VAtQ.proe" value="true" />
    <int name="com.applovin.sdk.VAtQ.fetch_basic_settings_connection_timeout_ms" value="10000" />
    <long name="com.applovin.sdk.VAtQ.ad_load_failure_refresh_ms" value="30000" />
    <int name="com.applovin.sdk.VAtQ.auxiliary_operations_threads" value="1" />
    <boolean name="com.applovin.sdk.VAtQ.cso" value="true" />
    <boolean name="com.applovin.sdk.VAtQ.dsaovcf" value="true" />
    <boolean name="com.applovin.sdk.VAtQ.faroae" value="false" />
    <string name="com.applovin.sdk.VAtQ.saui"></string>
</map>
