<?xml version='1.0' encoding='utf-8' standalone='yes' ?>
<map>
    <long name="fire-count" value="1" />
    <string name="last-used-date">2026-01-07</string>
    <long name="fire-global" value="1767800117784" />
    <set name="fire-installations/18.0.0 fire-rc/22.1.2 fire-app-check/18.0.0 fire-abt/21.1.1 fire-gcs/21.0.2 fire-core/21.0.0 fire-core-ktx/21.0.0 fire-auth-ktx/23.2.1 device-model/TECNO-LH7n android-installer/com.google.android.packageinstaller fire-cls-ndk/19.4.4 android-platform/ fire-cls/19.4.4 device-name/LH7n-GL fire-sessions/2.1.2 android-target-sdk/36 fire-transport/19.0.0 fire-app-check-play-integrity/18.0.0 kotlin/2.1.10 fire-fst-ktx/25.1.4 android-min-sdk/24 fire-perf-ktx/21.0.5 fire-fn/21.2.1 fire-auth/23.2.1 device-brand/TECNO fire-android/34 fire-stg-ktx/21.0.2 fire-iid/21.1.0 fire-fun-ktx/21.2.1 fire-perf/21.0.5 fire-analytics/22.5.0 fire-fst/25.1.4">
        <string>2026-01-07</string>
    </set>
</map>
