<?xml version='1.0' encoding='utf-8' standalone='yes' ?>
<map>
    <long name="com.google.firebase.perf.NetworkRequestSamplingRate" value="4585134284004586884" />
    <boolean name="com.google.firebase.perf.ExperimentTTID" value="true" />
    <long name="com.google.firebase.perf.FragmentSamplingRate" value="4591870180066957722" />
    <boolean name="com.google.firebase.perf.SdkEnabled" value="true" />
    <long name="com.google.firebase.perf.TraceSamplingRate" value="4603041534745546451" />
    <string name="com.google.firebase.perf.SdkDisabledVersions"></string>
    <long name="com.google.firebase.perf.SessionSamplingRate" value="4563026553382068839" />
</map>
