{"Fid":"flC4Ou5DSMqYt1U4OiQdS5","Status":3,"AuthToken":"eyJhbGciOiJFUzI1NiIsInR5cCI6IkpXVCJ9.eyJhcHBJZCI6IjE6NDE0MzcwMzI4MTI0OmFuZHJvaWQ6ZjEzOTQxMzFjOGI4NGRlMyIsImV4cCI6MTc2ODQwNjg3MywiZmlkIjoiZmxDNE91NURTTXFZdDFVNE9pUWRTNSIsInByb2plY3ROdW1iZXIiOjQxNDM3MDMyODEyNH0.AB2LPV8wRgIhAITvnn8f0ulRnL81ZHxadUl9gCBow92ep55PLqtPVfcEAiEAznBr26Yh_1zs6STWUPwnQe_kkt0E3bJ_S4OxpiKSuU8","RefreshToken":"3_AS3qfwJXeQTG4BXYyhR6pQ6dKhRwA7zHrZ2dwx6CC72JPXII6xZYZ8J3_fAU03SduDpUkbLQP62DDYlRJaJOk_zRT2ywLhFKAUNfeNEP1BtCwc0","TokenCreationEpochInSecs":1767802073,"ExpiresInSecs":604800}